Workbook

Sheet general
B1: Ontology | C1: Percentage_Value
C2: Sim_Thershold
C3: 0.6 | D3: 0.62 | E3: 0.64 | F3: 0.66 | G3: 0.68 | H3: 0.7 | I3: 0.72 | J3: 0.74 | K3: 0.76 | L3: 0.78 | M3: 0.8
B4: SAREF4BLDG | C4: ='0.6'!D2 -> 0.089852524 | D4: ='0.62'!D2 -> 0.090242842 | E4: ='0.64'!D2 -> 0.091204827 | F4: ='0.66'!D2 -> 0.087693509 | G4: ='0.68'!D2 -> 0.095199943 | H4: ='0.7'!D2 -> 0.099243444 | I4: ='0.72'!D2 -> 0.10180225 | J4: ='0.74'!D2 -> 0.092451201 | K4: ='0.76'!D2 -> 0.10114595 | L4: ='0.78'!D2 -> 0.10702087 | M4: ='0.8'!D2 -> 0.096031433
B5: SAREF4ENER | C5: ='0.6'!D3 -> 0.034983859 | D5: ='0.62'!D3 -> 0.034132149 | E5: ='0.64'!D3 -> 0.033279386 | F5: ='0.66'!D3 -> 0.03335531 | G5: ='0.68'!D3 -> 0.032156221 | H5: ='0.7'!D3 -> 0.037303733 | I5: ='0.72'!D3 -> 0.033753602 | J5: ='0.74'!D3 -> 0.037756564 | K5: ='0.76'!D3 -> 0.035964773 | L5: ='0.78'!D3 -> 0.031456884 | M5: ='0.8'!D3 -> 0.033778152
B6: SARGON | C6: ='0.6'!D4 -> 0.21115602 | D6: ='0.62'!D4 -> 0.20723467 | E6: ='0.64'!D4 -> 0.21371158 | F6: ='0.66'!D4 -> 0.21167662 | G6: ='0.68'!D4 -> 0.20303393 | H6: ='0.7'!D4 -> 0.19358555 | I6: ='0.72'!D4 -> 0.19463836 | J6: ='0.74'!D4 -> 0.17044931 | K6: ='0.76'!D4 -> 0.15614621 | L6: ='0.78'!D4 -> 0.15278656 | M6: ='0.8'!D4 -> 0.14133153
B7: BONSAI | C7: ='0.6'!D5 -> 0.011345495 | D7: ='0.62'!D5 -> 0.010313978 | E7: ='0.64'!D5 -> 0.010392758 | F7: ='0.66'!D5 -> 0.0098498332 | G7: ='0.68'!D5 -> 0.0091102266 | H7: ='0.7'!D5 -> 0.0050906505 | I7: ='0.72'!D5 -> 0.0048504889 | J7: ='0.74'!D5 -> 0.0032560323 | K7: ='0.76'!D5 -> 0.0041222346 | L7: ='0.78'!D5 -> 0 | M7: ='0.8'!D5 -> 0
B8: BCOM | C8: ='0.6'!D6 -> 0.0094651214 | D8: ='0.62'!D6 -> 0.010683094 | E8: ='0.64'!D6 -> 0.01226174 | F8: ='0.66'!D6 -> 0.014150823 | G8: ='0.68'!D6 -> 0.013422413 | H8: ='0.7'!D6 -> 0.013745911 | I8: ='0.72'!D6 -> 0.01463204 | J8: ='0.74'!D6 -> 0.0098477166 | K8: ='0.76'!D6 -> 0.012467505 | L8: ='0.78'!D6 -> 0.011118139 | M8: ='0.8'!D6 -> 0
B9: SBEO | C9: ='0.6'!D7 -> 0.2021229 | D9: ='0.62'!D7 -> 0.19863444 | E9: ='0.64'!D7 -> 0.19926195 | F9: ='0.66'!D7 -> 0.20198949 | G9: ='0.68'!D7 -> 0.19787104 | H9: ='0.7'!D7 -> 0.1935186 | I9: ='0.72'!D7 -> 0.18792824 | J9: ='0.74'!D7 -> 0.20455174 | K9: ='0.76'!D7 -> 0.20742745 | L9: ='0.78'!D7 -> 0.2097477 | M9: ='0.8'!D7 -> 0.20830166
B10: BIMERR | C10: ='0.6'!D8 -> 0.081178799 | D10: ='0.62'!D8 -> 0.084650824 | E10: ='0.64'!D8 -> 0.087446252 | F10: ='0.66'!D8 -> 0.090124134 | G10: ='0.68'!D8 -> 0.08857399 | H10: ='0.7'!D8 -> 0.10039548 | I10: ='0.72'!D8 -> 0.098862955 | J10: ='0.74'!D8 -> 0.10085319 | K10: ='0.76'!D8 -> 0.099915115 | L10: ='0.78'!D8 -> 0.1052639 | M10: ='0.8'!D8 -> 0.093915719
B11: EM-KPI | C11: ='0.6'!D9 -> 0.18499468 | D11: ='0.62'!D9 -> 0.18466843 | E11: ='0.64'!D9 -> 0.18232721 | F11: ='0.66'!D9 -> 0.18174654 | G11: ='0.68'!D9 -> 0.19132576 | H11: ='0.7'!D9 -> 0.18688113 | I11: ='0.72'!D9 -> 0.19691696 | J11: ='0.74'!D9 -> 0.21628519 | K11: ='0.76'!D9 -> 0.23015545 | L11: ='0.78'!D9 -> 0.22374025 | M11: ='0.8'!D9 -> 0.24112728
B12: FSO | C12: ='0.6'!D10 -> 0.02756156 | D12: ='0.62'!D10 -> 0.02845338 | E12: ='0.64'!D10 -> 0.025369566 | F12: ='0.66'!D10 -> 0.022974927 | G12: ='0.68'!D10 -> 0.024857406 | H12: ='0.7'!D10 -> 0.023380053 | I12: ='0.72'!D10 -> 0.028032925 | J12: ='0.74'!D10 -> 0.030305824 | K12: ='0.76'!D10 -> 0.022478646 | L12: ='0.78'!D10 -> 0.024295453 | M12: ='0.8'!D10 -> 0.031662438
B13: RESPOND | C13: ='0.6'!D11 -> 0.090837995 | D13: ='0.62'!D11 -> 0.092439676 | E13: ='0.64'!D11 -> 0.090593041 | F13: ='0.66'!D11 -> 0.094231297 | G13: ='0.68'!D11 -> 0.096389827 | H13: ='0.7'!D11 -> 0.10544226 | I13: ='0.72'!D11 -> 0.10365543 | J13: ='0.74'!D11 -> 0.1041637 | K13: ='0.76'!D11 -> 0.10798981 | L13: ='0.78'!D11 -> 0.11601659 | M13: ='0.8'!D11 -> 0.13682533
B14: SSN | C14: ='0.6'!D12 -> 0.022747775 | D14: ='0.62'!D12 -> 0.023284058 | E14: ='0.64'!D12 -> 0.021511197 | F14: ='0.66'!D12 -> 0.019785969 | G14: ='0.68'!D12 -> 0.017067237 | H14: ='0.7'!D12 -> 0.01195668 | I14: ='0.72'!D12 -> 0.012092382 | J14: ='0.74'!D12 -> 0.012634411 | K14: ='0.76'!D12 -> 0.0040691814 | L14: ='0.78'!D12 -> 0 | M14: ='0.8'!D12 -> 0
B15: SOSA | C15: ='0.6'!D13 -> 0.018233728 | D15: ='0.62'!D13 -> 0.01794889 | E15: ='0.64'!D13 -> 0.014660069 | F15: ='0.66'!D13 -> 0.012672358 | G15: ='0.68'!D13 -> 0.010305612 | H15: ='0.7'!D13 -> 0.0066236174 | I15: ='0.72'!D13 -> 0.0046861202 | J15: ='0.74'!D13 -> 0 | K15: ='0.76'!D13 -> 0 | L15: ='0.78'!D13 -> 0 | M15: ='0.8'!D13 -> 0
B16: BTO | C16: ='0.6'!D14 -> 0.01551955 | D16: ='0.62'!D14 -> 0.017313569 | E16: ='0.64'!D14 -> 0.017980414 | F16: ='0.66'!D14 -> 0.019749184 | G16: ='0.68'!D14 -> 0.020686393 | H16: ='0.7'!D14 -> 0.022832895 | I16: ='0.72'!D14 -> 0.018148241 | J16: ='0.74'!D14 -> 0.017445125 | K16: ='0.76'!D14 -> 0.018117672 | L16: ='0.78'!D14 -> 0.018553658 | M16: ='0.8'!D14 -> 0.01702646

Sheet 0.6
B1: Ontology | C1: BERT_Sim
A2: 0 | B2: SAREF4BLDG | C2: 125.004 | D2: =C2/$C$15 -> 0.089852524
A3: 1 | B3: SAREF4ENER | C3: 48.67 | D3: =C3/$C$15 -> 0.034983859
A4: 2 | B4: SARGON | C4: 293.763 | D4: =C4/$C$15 -> 0.21115602
A5: 3 | B5: BONSAI | C5: 15.784 | D5: =C5/$C$15 -> 0.011345495
A6: 4 | B6: BCOM | C6: 13.168 | D6: =C6/$C$15 -> 0.0094651214
A7: 5 | B7: SBEO | C7: 281.196 | D7: =C7/$C$15 -> 0.2021229
A8: 6 | B8: BIMERR | C8: 112.937 | D8: =C8/$C$15 -> 0.081178799
A9: 7 | B9: EM-KPI | C9: 257.367 | D9: =C9/$C$15 -> 0.18499468
A10: 8 | B10: FSO | C10: 38.344 | D10: =C10/$C$15 -> 0.02756156
A11: 9 | B11: RESPOND | C11: 126.375 | D11: =C11/$C$15 -> 0.090837995
A12: 10 | B12: SSN | C12: 31.647 | D12: =C12/$C$15 -> 0.022747775
A13: 11 | B13: SOSA | C13: 25.367 | D13: =C13/$C$15 -> 0.018233728
A14: 12 | B14: BTO | C14: 21.591 | D14: =C14/$C$15 -> 0.01551955
A15: sum | C15: =SUM(C2:C14) -> 1391.213
A16: sim_threshold | C16: =MID(CELL("filename",A1),FIND("]",CELL("filename",A1))+1,255) -> 0.6

Sheet 0.62
B1: Ontology | C1: BERT_Sim
A2: 0 | B2: SAREF4BLDG | C2: 106.106 | D2: =C2/C$15 -> 0.090242842
A3: 1 | B3: SAREF4ENER | C3: 40.132 | D3: =C3/C$15 -> 0.034132149
A4: 2 | B4: SARGON | C4: 243.663 | D4: =C4/C$15 -> 0.20723467
A5: 3 | B5: BONSAI | C5: 12.127 | D5: =C5/C$15 -> 0.010313978
A6: 4 | B6: BCOM | C6: 12.561 | D6: =C6/C$15 -> 0.010683094
A7: 5 | B7: SBEO | C7: 233.551 | D7: =C7/C$15 -> 0.19863444
A8: 6 | B8: BIMERR | C8: 99.531 | D8: =C8/C$15 -> 0.084650824
A9: 7 | B9: EM-KPI | C9: 217.13 | D9: =C9/C$15 -> 0.18466843
A10: 8 | B10: FSO | C10: 33.455 | D10: =C10/C$15 -> 0.02845338
A11: 9 | B11: RESPOND | C11: 108.689 | D11: =C11/C$15 -> 0.092439676
A12: 10 | B12: SSN | C12: 27.377 | D12: =C12/C$15 -> 0.023284058
A13: 11 | B13: SOSA | C13: 21.104 | D13: =C13/C$15 -> 0.01794889
A14: 12 | B14: BTO | C14: 20.357 | D14: =C14/C$15 -> 0.017313569
A15: sum | C15: =SUM(C2:C14) -> 1175.783
A16: sim_threshold | C16: =MID(CELL("filename",A1),FIND("]",CELL("filename",A1))+1,255) -> 0.62

Sheet 0.64
B1: Ontology | C1: BERT_Sim
A2: 0 | B2: SAREF4BLDG | C2: 84.081 | D2: =C2/C$15 -> 0.091204827
A3: 1 | B3: SAREF4ENER | C3: 30.68 | D3: =C3/C$15 -> 0.033279386
A4: 2 | B4: SARGON | C4: 197.019 | D4: =C4/C$15 -> 0.21371158
A5: 3 | B5: BONSAI | C5: 9.581 | D5: =C5/C$15 -> 0.010392758
A6: 4 | B6: BCOM | C6: 11.304 | D6: =C6/C$15 -> 0.01226174
A7: 5 | B7: SBEO | C7: 183.698 | D7: =C7/C$15 -> 0.19926195
A8: 6 | B8: BIMERR | C8: 80.616 | D8: =C8/C$15 -> 0.087446252
A9: 7 | B9: EM-KPI | C9: 168.086 | D9: =C9/C$15 -> 0.18232721
A10: 8 | B10: FSO | C10: 23.388 | D10: =C10/C$15 -> 0.025369566
A11: 9 | B11: RESPOND | C11: 83.517 | D11: =C11/C$15 -> 0.090593041
A12: 10 | B12: SSN | C12: 19.831 | D12: =C12/C$15 -> 0.021511197
A13: 11 | B13: SOSA | C13: 13.515 | D13: =C13/C$15 -> 0.014660069
A14: 12 | B14: BTO | C14: 16.576 | D14: =C14/C$15 -> 0.017980414
A15: sum | C15: =SUM(C2:C14) -> 921.892
A16: sim_threshold | C16: =MID(CELL("filename",A1),FIND("]",CELL("filename",A1))+1,255) -> 0.64

Sheet 0.66
B1: Ontology | C1: BERT_Sim
A2: 0 | B2: SAREF4BLDG | C2: 61.983 | D2: =C2/C$15 -> 0.087693509
A3: 1 | B3: SAREF4ENER | C3: 23.576 | D3: =C3/C$15 -> 0.03335531
A4: 2 | B4: SARGON | C4: 149.616 | D4: =C4/C$15 -> 0.21167662
A5: 3 | B5: BONSAI | C5: 6.962 | D5: =C5/C$15 -> 0.0098498332
A6: 4 | B6: BCOM | C6: 10.002 | D6: =C6/C$15 -> 0.014150823
A7: 5 | B7: SBEO | C7: 142.769 | D7: =C7/C$15 -> 0.20198949
A8: 6 | B8: BIMERR | C8: 63.701 | D8: =C8/C$15 -> 0.090124134
A9: 7 | B9: EM-KPI | C9: 128.461 | D9: =C9/C$15 -> 0.18174654
A10: 8 | B10: FSO | C10: 16.239 | D10: =C10/C$15 -> 0.022974927
A11: 9 | B11: RESPOND | C11: 66.604 | D11: =C11/C$15 -> 0.094231297
A12: 10 | B12: SSN | C12: 13.985 | D12: =C12/C$15 -> 0.019785969
A13: 11 | B13: SOSA | C13: 8.957 | D13: =C13/C$15 -> 0.012672358
A14: 12 | B14: BTO | C14: 13.959 | D14: =C14/C$15 -> 0.019749184
A15: sum | C15: =SUM(C2:C14) -> 706.814
A16: sim_threshold | C16: =MID(CELL("filename",A1),FIND("]",CELL("filename",A1))+1,255) -> 0.66

Sheet 0.68
B1: Ontology | C1: BERT_Sim
A2: 0 | B2: SAREF4BLDG | C2: 51.925 | D2: =C2/C$15 -> 0.095199943
A3: 1 | B3: SAREF4ENER | C3: 17.539 | D3: =C3/C$15 -> 0.032156221
A4: 2 | B4: SARGON | C4: 110.741 | D4: =C4/C$15 -> 0.20303393
A5: 3 | B5: BONSAI | C5: 4.969 | D5: =C5/C$15 -> 0.0091102266
A6: 4 | B6: BCOM | C6: 7.321 | D6: =C6/C$15 -> 0.013422413
A7: 5 | B7: SBEO | C7: 107.925 | D7: =C7/C$15 -> 0.19787104
A8: 6 | B8: BIMERR | C8: 48.311 | D8: =C8/C$15 -> 0.08857399
A9: 7 | B9: EM-KPI | C9: 104.355 | D9: =C9/C$15 -> 0.19132576
A10: 8 | B10: FSO | C10: 13.558 | D10: =C10/C$15 -> 0.024857406
A11: 9 | B11: RESPOND | C11: 52.574 | D11: =C11/C$15 -> 0.096389827
A12: 10 | B12: SSN | C12: 9.309 | D12: =C12/C$15 -> 0.017067237
A13: 11 | B13: SOSA | C13: 5.621 | D13: =C13/C$15 -> 0.010305612
A14: 12 | B14: BTO | C14: 11.283 | D14: =C14/C$15 -> 0.020686393
A15: sum | C15: =SUM(C2:C14) -> 545.431
A16: sim_threshold | C16: =MID(CELL("filename",A1),FIND("]",CELL("filename",A1))+1,255) -> 0.68

Sheet 0.7
B1: Ontology | C1: BERT_Sim
A2: 0 | B2: SAREF4BLDG | C2: 42.987 | D2: =C2/C$15 -> 0.099243444
A3: 1 | B3: SAREF4ENER | C3: 16.158 | D3: =C3/C$15 -> 0.037303733
A4: 2 | B4: SARGON | C4: 83.851 | D4: =C4/C$15 -> 0.19358555
A5: 3 | B5: BONSAI | C5: 2.205 | D5: =C5/C$15 -> 0.0050906505
A6: 4 | B6: BCOM | C6: 5.954 | D6: =C6/C$15 -> 0.013745911
A7: 5 | B7: SBEO | C7: 83.822 | D7: =C7/C$15 -> 0.1935186
A8: 6 | B8: BIMERR | C8: 43.486 | D8: =C8/C$15 -> 0.10039548
A9: 7 | B9: EM-KPI | C9: 80.947 | D9: =C9/C$15 -> 0.18688113
A10: 8 | B10: FSO | C10: 10.127 | D10: =C10/C$15 -> 0.023380053
A11: 9 | B11: RESPOND | C11: 45.672 | D11: =C11/C$15 -> 0.10544226
A12: 10 | B12: SSN | C12: 5.179 | D12: =C12/C$15 -> 0.01195668
A13: 11 | B13: SOSA | C13: 2.869 | D13: =C13/C$15 -> 0.0066236174
A14: 12 | B14: BTO | C14: 9.89 | D14: =C14/C$15 -> 0.022832895
A15: sum | C15: =SUM(C2:C14) -> 433.147
A16: sim_threshold | C16: =MID(CELL("filename",A1),FIND("]",CELL("filename",A1))+1,255) -> 0.7

Sheet 0.72
B1: Ontology | C1: BERT_Sim
A2: 0 | B2: SAREF4BLDG | C2: 31.587 | D2: =C2/C$15 -> 0.10180225
A3: 1 | B3: SAREF4ENER | C3: 10.473 | D3: =C3/C$15 -> 0.033753602
A4: 2 | B4: SARGON | C4: 60.392 | D4: =C4/C$15 -> 0.19463836
A5: 3 | B5: BONSAI | C5: 1.505 | D5: =C5/C$15 -> 0.0048504889
A6: 4 | B6: BCOM | C6: 4.54 | D6: =C6/C$15 -> 0.01463204
A7: 5 | B7: SBEO | C7: 58.31 | D7: =C7/C$15 -> 0.18792824
A8: 6 | B8: BIMERR | C8: 30.675 | D8: =C8/C$15 -> 0.098862955
A9: 7 | B9: EM-KPI | C9: 61.099 | D9: =C9/C$15 -> 0.19691696
A10: 8 | B10: FSO | C10: 8.698 | D10: =C10/C$15 -> 0.028032925
A11: 9 | B11: RESPOND | C11: 32.162 | D11: =C11/C$15 -> 0.10365543
A12: 10 | B12: SSN | C12: 3.752 | D12: =C12/C$15 -> 0.012092382
A13: 11 | B13: SOSA | C13: 1.454 | D13: =C13/C$15 -> 0.0046861202
A14: 12 | B14: BTO | C14: 5.631 | D14: =C14/C$15 -> 0.018148241
A15: sum | C15: =SUM(C2:C14) -> 310.278
A16: sim_threshold | C16: =MID(CELL("filename",A1),FIND("]",CELL("filename",A1))+1,255) -> 0.72

Sheet 0.74
B1: Ontology | C1: BERT_Sim
A2: 0 | B2: SAREF4BLDG | C2: 22.062 | D2: =C2/C$15 -> 0.092451201
A3: 1 | B3: SAREF4ENER | C3: 9.01 | D3: =C3/C$15 -> 0.037756564
A4: 2 | B4: SARGON | C4: 40.675 | D4: =C4/C$15 -> 0.17044931
A5: 3 | B5: BONSAI | C5: 0.777 | D5: =C5/C$15 -> 0.0032560323
A6: 4 | B6: BCOM | C6: 2.35 | D6: =C6/C$15 -> 0.0098477166
A7: 5 | B7: SBEO | C7: 48.813 | D7: =C7/C$15 -> 0.20455174
A8: 6 | B8: BIMERR | C8: 24.067 | D8: =C8/C$15 -> 0.10085319
A9: 7 | B9: EM-KPI | C9: 51.613 | D9: =C9/C$15 -> 0.21628519
A10: 8 | B10: FSO | C10: 7.232 | D10: =C10/C$15 -> 0.030305824
A11: 9 | B11: RESPOND | C11: 24.857 | D11: =C11/C$15 -> 0.1041637
A12: 10 | B12: SSN | C12: 3.015 | D12: =C12/C$15 -> 0.012634411
A13: 11 | B13: SOSA | C13: 0 | D13: =C13/C$15 -> 0
A14: 12 | B14: BTO | C14: 4.163 | D14: =C14/C$15 -> 0.017445125
A15: sum | C15: =SUM(C2:C14) -> 238.634
A16: sim_threshold | C16: =MID(CELL("filename",A1),FIND("]",CELL("filename",A1))+1,255) -> 0.74

Sheet 0.76
B1: Ontology | C1: BERT_Sim
A2: 0 | B2: SAREF4BLDG | C2: 19.065 | D2: =C2/C$15 -> 0.10114595
A3: 1 | B3: SAREF4ENER | C3: 6.779 | D3: =C3/C$15 -> 0.035964773
A4: 2 | B4: SARGON | C4: 29.432 | D4: =C4/C$15 -> 0.15614621
A5: 3 | B5: BONSAI | C5: 0.777 | D5: =C5/C$15 -> 0.0041222346
A6: 4 | B6: BCOM | C6: 2.35 | D6: =C6/C$15 -> 0.012467505
A7: 5 | B7: SBEO | C7: 39.098 | D7: =C7/C$15 -> 0.20742745
A8: 6 | B8: BIMERR | C8: 18.833 | D8: =C8/C$15 -> 0.099915115
A9: 7 | B9: EM-KPI | C9: 43.382 | D9: =C9/C$15 -> 0.23015545
A10: 8 | B10: FSO | C10: 4.237 | D10: =C10/C$15 -> 0.022478646
A11: 9 | B11: RESPOND | C11: 20.355 | D11: =C11/C$15 -> 0.10798981
A12: 10 | B12: SSN | C12: 0.767 | D12: =C12/C$15 -> 0.0040691814
A13: 11 | B13: SOSA | C13: 0 | D13: =C13/C$15 -> 0
A14: 12 | B14: BTO | C14: 3.415 | D14: =C14/C$15 -> 0.018117672
A15: sum | C15: =SUM(C2:C14) -> 188.49
A16: sim_threshold | C16: =MID(CELL("filename",A1),FIND("]",CELL("filename",A1))+1,255) -> 0.76

Sheet 0.78
B1: Ontology | C1: BERT_Sim
A2: 0 | B2: SAREF4BLDG | C2: 15.228 | D2: =C2/C$15 -> 0.10702087
A3: 1 | B3: SAREF4ENER | C3: 4.476 | D3: =C3/C$15 -> 0.031456884
A4: 2 | B4: SARGON | C4: 21.74 | D4: =C4/C$15 -> 0.15278656
A5: 3 | B5: BONSAI | C5: 0 | D5: =C5/C$15 -> 0
A6: 4 | B6: BCOM | C6: 1.582 | D6: =C6/C$15 -> 0.011118139
A7: 5 | B7: SBEO | C7: 29.845 | D7: =C7/C$15 -> 0.2097477
A8: 6 | B8: BIMERR | C8: 14.978 | D8: =C8/C$15 -> 0.1052639
A9: 7 | B9: EM-KPI | C9: 31.836 | D9: =C9/C$15 -> 0.22374025
A10: 8 | B10: FSO | C10: 3.457 | D10: =C10/C$15 -> 0.024295453
A11: 9 | B11: RESPOND | C11: 16.508 | D11: =C11/C$15 -> 0.11601659
A12: 10 | B12: SSN | C12: 0 | D12: =C12/C$15 -> 0
A13: 11 | B13: SOSA | C13: 0 | D13: =C13/C$15 -> 0
A14: 12 | B14: BTO | C14: 2.64 | D14: =C14/C$15 -> 0.018553658
A15: sum | C15: =SUM(C2:C14) -> 142.29
A16: sim_threshold | C16: =MID(CELL("filename",A1),FIND("]",CELL("filename",A1))+1,255) -> 0.78

Sheet 0.8
B1: Ontology | C1: BERT_Sim
A2: 0 | B2: SAREF4BLDG | C2: 10.485 | D2: =C2/C$15 -> 0.096031433
A3: 1 | B3: SAREF4ENER | C3: 3.688 | D3: =C3/C$15 -> 0.033778152
A4: 2 | B4: SARGON | C4: 15.431 | D4: =C4/C$15 -> 0.14133153
A5: 3 | B5: BONSAI | C5: 0 | D5: =C5/C$15 -> 0
A6: 4 | B6: BCOM | C6: 0 | D6: =C6/C$15 -> 0
A7: 5 | B7: SBEO | C7: 22.743 | D7: =C7/C$15 -> 0.20830166
A8: 6 | B8: BIMERR | C8: 10.254 | D8: =C8/C$15 -> 0.093915719
A9: 7 | B9: EM-KPI | C9: 26.327 | D9: =C9/C$15 -> 0.24112728
A10: 8 | B10: FSO | C10: 3.457 | D10: =C10/C$15 -> 0.031662438
A11: 9 | B11: RESPOND | C11: 14.939 | D11: =C11/C$15 -> 0.13682533
A12: 10 | B12: SSN | C12: 0 | D12: =C12/C$15 -> 0
A13: 11 | B13: SOSA | C13: 0 | D13: =C13/C$15 -> 0
A14: 12 | B14: BTO | C14: 1.859 | D14: =C14/C$15 -> 0.01702646
A15: sum | C15: =SUM(C2:C14) -> 109.183
A16: sim_threshold | C16: =MID(CELL("filename",A1),FIND("]",CELL("filename",A1))+1,255) -> 0.8
